{
    "train_mae": 50103.30494725064,
    "train_mse": 4388245046.014344,
    "train_rmse": 66243.83024866802,
    "test_mae": 47744.063456632655,
    "test_mse": 3714403291.35378,
    "test_rmse": 60945.90463151548,
    "epochs_trained": 50
}