{"loss": [461758.375, 461758.25, 461758.125, 461758.03125, 461757.90625, 461757.71875, 461757.375, 461757.0625, 461756.6875, 461756.15625, 461755.59375, 461754.84375, 461753.9375, 461752.875, 461751.5625, 461750.09375, 461748.25, 461746.125, 461743.6875, 461740.8125, 461737.4375, 461733.6875, 461729.34375, 461724.4375, 461718.90625, 461712.6875, 461705.875, 461698.125, 461689.75, 461680.40625, 461670.21875, 461658.96875, 461646.78125, 461633.28125, 461618.625, 461602.875, 461585.96875, 461567.90625, 461548.125, 461527.28125, 461504.75, 461481.03125, 461455.5625, 461428.375, 461399.0, 461368.1875, 461335.625, 461300.875, 461264.15625, 461225.90625, 461185.03125, 461142.5, 461096.90625, 461049.4375, 460999.375, 460946.8125, 460892.15625, 460834.9375, 460774.875, 460711.78125, 460645.65625, 460576.03125, 460503.84375, 460428.78125, 460351.21875, 460269.96875, 460185.21875, 460097.0625, 460004.125, 459909.125, 459809.84375, 459707.625, 459603.0, 459491.5625, 459378.5625, 459261.46875, 459139.0, 459014.34375, 458883.84375, 458750.4375, 458612.5, 458468.375, 458320.9375, 458167.25, 458013.1875, 457852.0625, 457686.78125, 457516.125, 457339.28125, 457156.65625, 456972.125, 456782.03125, 456582.84375, 456380.0, 456170.75, 455957.84375, 455738.03125, 455513.53125, 455283.8125, 455047.5], "mae": [461758.375, 461758.25, 461758.125, 461758.03125, 461757.90625, 461757.71875, 461757.375, 461757.0625, 461756.6875, 461756.15625, 461755.59375, 461754.84375, 461753.9375, 461752.875, 461751.5625, 461750.09375, 461748.25, 461746.125, 461743.6875, 461740.8125, 461737.4375, 461733.6875, 461729.34375, 461724.4375, 461718.90625, 461712.6875, 461705.875, 461698.125, 461689.75, 461680.40625, 461670.21875, 461658.96875, 461646.78125, 461633.28125, 461618.625, 461602.875, 461585.96875, 461567.90625, 461548.125, 461527.28125, 461504.75, 461481.03125, 461455.5625, 461428.375, 461399.0, 461368.1875, 461335.625, 461300.875, 461264.15625, 461225.90625, 461185.03125, 461142.5, 461096.90625, 461049.4375, 460999.375, 460946.8125, 460892.15625, 460834.9375, 460774.875, 460711.78125, 460645.65625, 460576.03125, 460503.84375, 460428.78125, 460351.21875, 460269.96875, 460185.21875, 460097.0625, 460004.125, 459909.125, 459809.84375, 459707.625, 459603.0, 459491.5625, 459378.5625, 459261.46875, 459139.0, 459014.34375, 458883.84375, 458750.4375, 458612.5, 458468.375, 458320.9375, 458167.25, 458013.1875, 457852.0625, 457686.78125, 457516.125, 457339.28125, 457156.65625, 456972.125, 456782.03125, 456582.84375, 456380.0, 456170.75, 455957.84375, 455738.03125, 455513.53125, 455283.8125, 455047.5], "val_loss": [424757.15625, 424757.03125, 424756.9375, 424756.8125, 424756.6875, 424756.5, 424756.15625, 424755.875, 424755.5, 424755.03125, 424754.4375, 424753.71875, 424752.84375, 424751.75, 424750.53125, 424749.0625, 424747.34375, 424745.3125, 424742.9375, 424740.125, 424736.96875, 424733.25, 424729.15625, 424724.5, 424719.21875, 424713.3125, 424706.75, 424699.46875, 424691.4375, 424682.75, 424673.0625, 424662.40625, 424650.84375, 424638.15625, 424624.375, 424609.6875, 424593.78125, 424576.625, 424558.375, 424538.625, 424517.71875, 424495.4375, 424471.46875, 424445.625, 424418.5, 424389.5, 424358.53125, 424326.125, 424291.875, 424255.75, 424217.78125, 424177.84375, 424135.71875, 424090.84375, 424043.90625, 423995.03125, 423944.0, 423890.84375, 423834.90625, 423775.875, 423713.5, 423648.5, 423581.4375, 423512.125, 423439.625, 423364.25, 423284.90625, 423202.8125, 423117.09375, 423027.90625, 422936.375, 422841.875, 422741.46875, 422639.96875, 422533.96875, 422424.28125, 422312.375, 422194.0, 422072.96875, 421948.6875, 421819.59375, 421685.3125, 421546.75, 421406.9375, 421261.875, 421112.5625, 420958.3125, 420797.71875, 420634.75, 420467.75, 420294.8125, 420115.09375, 419932.5, 419742.9375, 419549.09375, 419349.4375, 419146.3125, 418936.84375, 418723.6875, 418505.09375], "val_mae": [424757.15625, 424757.03125, 424756.9375, 424756.8125, 424756.6875, 424756.5, 424756.15625, 424755.875, 424755.5, 424755.03125, 424754.4375, 424753.71875, 424752.84375, 424751.75, 424750.53125, 424749.0625, 424747.34375, 424745.3125, 424742.9375, 424740.125, 424736.96875, 424733.25, 424729.15625, 424724.5, 424719.21875, 424713.3125, 424706.75, 424699.46875, 424691.4375, 424682.75, 424673.0625, 424662.40625, 424650.84375, 424638.15625, 424624.375, 424609.6875, 424593.78125, 424576.625, 424558.375, 424538.625, 424517.71875, 424495.4375, 424471.46875, 424445.625, 424418.5, 424389.5, 424358.53125, 424326.125, 424291.875, 424255.75, 424217.78125, 424177.84375, 424135.71875, 424090.84375, 424043.90625, 423995.03125, 423944.0, 423890.84375, 423834.90625, 423775.875, 423713.5, 423648.5, 423581.4375, 423512.125, 423439.625, 423364.25, 423284.90625, 423202.8125, 423117.09375, 423027.90625, 422936.375, 422841.875, 422741.46875, 422639.96875, 422533.96875, 422424.28125, 422312.375, 422194.0, 422072.96875, 421948.6875, 421819.59375, 421685.3125, 421546.75, 421406.9375, 421261.875, 421112.5625, 420958.3125, 420797.71875, 420634.75, 420467.75, 420294.8125, 420115.09375, 419932.5, 419742.9375, 419549.09375, 419349.4375, 419146.3125, 418936.84375, 418723.6875, 418505.09375]}