{
    "train_mae": 55838.359375,
    "train_mse": 5280041984.0,
    "train_rmse": 72663.89739065748,
    "test_mae": 53961.08203125,
    "test_mse": 5256395264.0,
    "test_rmse": 72501.00181376806,
    "epochs_trained": 300
}