{
    "train_mae": 48482.92447250639,
    "train_rmse": 64707.66500240559,
    "train_mape": 13.0270821174062,
    "test_mae": 46971.958545918365,
    "test_rmse": 62112.87958751739,
    "test_mape": 13.879488039965548,
    "epochs_trained": 139,
    "target_min": 105000.0,
    "target_max": 1024800.0,
    "target_mean": 454342.9447852761
}